<?xml version="1.0" encoding="UTF-8"?>
<petilabo>
	<!-- Meta -->
    <meta>
        <auteur>Philippe GILLES</auteur>
		<documentation>http://www.petilabo.net</documentation>
        <telechargement>http://www.petixml.net/dl/themes/standard</telechargement>
    </meta>

	<!-- Tailles d'images -->
	<taille_image nom="Panoramique">
		<largeur>1600</largeur>
		<hauteur>335</hauteur>
		<compression>70</compression>
	</taille_image>
	<taille_image nom="Paysage">
		<largeur>640</largeur>
		<hauteur>480</hauteur>
		<compression>75</compression>
	</taille_image>
	<taille_image nom="Portrait">
		<largeur>480</largeur>
		<hauteur>640</hauteur>
		<compression>75</compression>
	</taille_image>
	<taille_image nom="Carré">
		<largeur>300</largeur>
		<hauteur>300</hauteur>
		<compression>80</compression>
	</taille_image>
	<taille_image nom="Ardoise">
		<largeur>430</largeur>
		<hauteur>325</hauteur>
		<compression>80</compression>
	</taille_image>

	<!-- Styles de page -->
    <style_page nom="defaut">
        <largeur>90%</largeur>
        <responsive>700px</responsive>
    </style_page>

	<!-- Styles de contenu -->
    <style_contenu nom="defaut">
		<marge>15px</marge>
		<retrait>10px</retrait>
        <fond>url('../images/standard/texture-contenu.png')</fond>
    </style_contenu>

	<!-- Styles de bloc -->
    <style_bloc nom="defaut">
		<marge>15px 5px</marge>
		<retrait>10px</retrait>
        <fond>url('../images/standard/texture-bloc.png')</fond>
		<bordure>2px solid #444;</bordure>
    </style_bloc>
</petilabo>
